location,state,office,district,election_date,r_plus,is_uncontested,incumbent,source_url,last_updated
Texas - State Senate Total,TX,State Senate,Total,2026-11-05,,False,31,"https://ballotpedia.org/Texas_State_Senate_elections,_2026",2025-10-25T13:00:11.636455
Texas - State Senate Office,TX,State Senate,Office,2026-11-05,,False,Democratic,"https://ballotpedia.org/Texas_State_Senate_elections,_2026",2025-10-25T13:00:11.636455
Texas - State Senate District 3,TX,State Senate,District 3,2026-11-05,,False,,"https://ballotpedia.org/Texas_State_Senate_elections,_2026",2025-10-25T13:00:11.636455
Texas - State Senate District 4,TX,State Senate,District 4,2026-11-05,,False,,"https://ballotpedia.org/Texas_State_Senate_elections,_2026",2025-10-25T13:00:11.636455
Texas - State Senate District 9,TX,State Senate,District 9,2026-11-05,,False,,"https://ballotpedia.org/Texas_State_Senate_elections,_2026",2025-10-25T13:00:11.636455
Texas - State Senate District 11,TX,State Senate,District 11,2026-11-05,,False,,"https://ballotpedia.org/Texas_State_Senate_elections,_2026",2025-10-25T13:00:11.636455
Texas - State Senate District 22,TX,State Senate,District 22,2026-11-05,,False,,"https://ballotpedia.org/Texas_State_Senate_elections,_2026",2025-10-25T13:00:11.636455
Texas - State Senate District 24,TX,State Senate,District 24,2026-11-05,,False,,"https://ballotpedia.org/Texas_State_Senate_elections,_2026",2025-10-25T13:00:11.636455
Texas - State Senate District 1,TX,State Senate,District 1,2026-11-05,,False,Primary results pending,"https://ballotpedia.org/Texas_State_Senate_elections,_2026",2025-10-25T13:00:11.637377
Texas - State Senate District 2,TX,State Senate,District 2,2026-11-05,,False,Primary results pending,"https://ballotpedia.org/Texas_State_Senate_elections,_2026",2025-10-25T13:00:11.637377
Texas - State Senate District 5,TX,State Senate,District 5,2026-11-05,,False,Primary results pending,"https://ballotpedia.org/Texas_State_Senate_elections,_2026",2025-10-25T13:00:11.637377
Texas - State Senate District 13,TX,State Senate,District 13,2026-11-05,,False,Primary results pending,"https://ballotpedia.org/Texas_State_Senate_elections,_2026",2025-10-25T13:00:11.637377
Texas - State Senate District 18,TX,State Senate,District 18,2026-11-05,,False,Primary results pending,"https://ballotpedia.org/Texas_State_Senate_elections,_2026",2025-10-25T13:00:11.637377
Texas - State Senate District 19,TX,State Senate,District 19,2026-11-05,,False,Primary results pending,"https://ballotpedia.org/Texas_State_Senate_elections,_2026",2025-10-25T13:00:11.637377
Texas - State Senate District 21,TX,State Senate,District 21,2026-11-05,,False,Primary results pending,"https://ballotpedia.org/Texas_State_Senate_elections,_2026",2025-10-25T13:00:11.637377
Texas - State Senate District 26,TX,State Senate,District 26,2026-11-05,,False,Primary results pending,"https://ballotpedia.org/Texas_State_Senate_elections,_2026",2025-10-25T13:00:11.637377
Texas - State Senate District 28,TX,State Senate,District 28,2026-11-05,,False,Primary results pending,"https://ballotpedia.org/Texas_State_Senate_elections,_2026",2025-10-25T13:00:11.637377
Texas - State Senate District 31,TX,State Senate,District 31,2026-11-05,,False,Primary results pending,"https://ballotpedia.org/Texas_State_Senate_elections,_2026",2025-10-25T13:00:11.637377
Texas - State Senate Salary,TX,State Senate,Salary,2026-11-05,,False,Per diem,"https://ballotpedia.org/Texas_State_Senate_elections,_2026",2025-10-25T13:00:11.637377
"Texas - State Senate $7,200/year",TX,State Senate,"$7,200/year",2026-11-05,,False,$221/day,"https://ballotpedia.org/Texas_State_Senate_elections,_2026",2025-10-25T13:00:11.637972
Texas - State Senate Governor,TX,State Senate,Governor,2026-11-05,,False,D,"https://ballotpedia.org/Texas_State_Senate_elections,_2026",2025-10-25T13:00:11.637972
Texas - State Senate Senate,TX,State Senate,Senate,2026-11-05,,False,D,"https://ballotpedia.org/Texas_State_Senate_elections,_2026",2025-10-25T13:00:11.637972
Texas - State Senate House,TX,State Senate,House,2026-11-05,,False,D,"https://ballotpedia.org/Texas_State_Senate_elections,_2026",2025-10-25T13:00:11.637972
Texas - State Senate Winning Party,TX,State Senate,Winning Party,2026-11-05,,False,D,"https://ballotpedia.org/Texas_State_Senate_elections,_2026",2025-10-25T13:00:11.639022
Texas - State House Total,TX,State House,Total,2026-11-05,,False,150,"https://ballotpedia.org/Texas_House_of_Representatives_elections,_2026",2025-10-25T13:00:16.382639
Texas - State House Office,TX,State House,Office,2026-11-05,,False,Democratic,"https://ballotpedia.org/Texas_House_of_Representatives_elections,_2026",2025-10-25T13:00:16.382639
Texas - State House District 7,TX,State House,District 7,2026-11-05,,False,,"https://ballotpedia.org/Texas_House_of_Representatives_elections,_2026",2025-10-25T13:00:16.383620
Texas - State House District 9,TX,State House,District 9,2026-11-05,,False,,"https://ballotpedia.org/Texas_House_of_Representatives_elections,_2026",2025-10-25T13:00:16.383620
Texas - State House District 13,TX,State House,District 13,2026-11-05,,False,,"https://ballotpedia.org/Texas_House_of_Representatives_elections,_2026",2025-10-25T13:00:16.383620
Texas - State House District 14,TX,State House,District 14,2026-11-05,,False,,"https://ballotpedia.org/Texas_House_of_Representatives_elections,_2026",2025-10-25T13:00:16.383620
Texas - State House District 21,TX,State House,District 21,2026-11-05,,False,,"https://ballotpedia.org/Texas_House_of_Representatives_elections,_2026",2025-10-25T13:00:16.383620
Texas - State House District 30,TX,State House,District 30,2026-11-05,,False,,"https://ballotpedia.org/Texas_House_of_Representatives_elections,_2026",2025-10-25T13:00:16.383620
Texas - State House District 31,TX,State House,District 31,2026-11-05,,False,JJ Dominguez,"https://ballotpedia.org/Texas_House_of_Representatives_elections,_2026",2025-10-25T13:00:16.383620
Texas - State House District 37,TX,State House,District 37,2026-11-05,,False,Esmeralda Cantu-Castle,"https://ballotpedia.org/Texas_House_of_Representatives_elections,_2026",2025-10-25T13:00:16.384540
Texas - State House District 41,TX,State House,District 41,2026-11-05,,False,Victor HaddadEric Holguin,"https://ballotpedia.org/Texas_House_of_Representatives_elections,_2026",2025-10-25T13:00:16.384540
Texas - State House District 50,TX,State House,District 50,2026-11-05,,False,Kate Lincoln-GoldfinchSamantha Lopez-Resendez,"https://ballotpedia.org/Texas_House_of_Representatives_elections,_2026",2025-10-25T13:00:16.384540
Texas - State House District 59,TX,State House,District 59,2026-11-05,,False,Andrew Turner,"https://ballotpedia.org/Texas_House_of_Representatives_elections,_2026",2025-10-25T13:00:16.384540
Texas - State House District 74,TX,State House,District 74,2026-11-05,,False,,"https://ballotpedia.org/Texas_House_of_Representatives_elections,_2026",2025-10-25T13:00:16.384540
Texas - State House District 83,TX,State House,District 83,2026-11-05,,False,,"https://ballotpedia.org/Texas_House_of_Representatives_elections,_2026",2025-10-25T13:00:16.384540
Texas - State House District 112,TX,State House,District 112,2026-11-05,,False,Zach Herbert,"https://ballotpedia.org/Texas_House_of_Representatives_elections,_2026",2025-10-25T13:00:16.385618
Texas - State House District 125,TX,State House,District 125,2026-11-05,,False,Adrian Reyna,"https://ballotpedia.org/Texas_House_of_Representatives_elections,_2026",2025-10-25T13:00:16.385618
Texas - State House District 135,TX,State House,District 135,2026-11-05,,False,Odus Evbagharu,"https://ballotpedia.org/Texas_House_of_Representatives_elections,_2026",2025-10-25T13:00:16.385618
Texas - State House District 1,TX,State House,District 1,2026-11-05,,False,Primary results pending,"https://ballotpedia.org/Texas_House_of_Representatives_elections,_2026",2025-10-25T13:00:16.386621
Texas - State House District 2,TX,State House,District 2,2026-11-05,,False,Primary results pending,"https://ballotpedia.org/Texas_House_of_Representatives_elections,_2026",2025-10-25T13:00:16.386621
Texas - State House District 3,TX,State House,District 3,2026-11-05,,False,Primary results pending,"https://ballotpedia.org/Texas_House_of_Representatives_elections,_2026",2025-10-25T13:00:16.386621
Texas - State House District 4,TX,State House,District 4,2026-11-05,,False,Primary results pending,"https://ballotpedia.org/Texas_House_of_Representatives_elections,_2026",2025-10-25T13:00:16.386621
Texas - State House District 5,TX,State House,District 5,2026-11-05,,False,Primary results pending,"https://ballotpedia.org/Texas_House_of_Representatives_elections,_2026",2025-10-25T13:00:16.386621
Texas - State House District 6,TX,State House,District 6,2026-11-05,,False,Primary results pending,"https://ballotpedia.org/Texas_House_of_Representatives_elections,_2026",2025-10-25T13:00:16.386621
Texas - State House District 8,TX,State House,District 8,2026-11-05,,False,Primary results pending,"https://ballotpedia.org/Texas_House_of_Representatives_elections,_2026",2025-10-25T13:00:16.386621
Texas - State House District 10,TX,State House,District 10,2026-11-05,,False,Primary results pending,"https://ballotpedia.org/Texas_House_of_Representatives_elections,_2026",2025-10-25T13:00:16.386621
Texas - State House District 11,TX,State House,District 11,2026-11-05,,False,Primary results pending,"https://ballotpedia.org/Texas_House_of_Representatives_elections,_2026",2025-10-25T13:00:16.386621
Texas - State House District 12,TX,State House,District 12,2026-11-05,,False,Primary results pending,"https://ballotpedia.org/Texas_House_of_Representatives_elections,_2026",2025-10-25T13:00:16.386621
Texas - State House District 15,TX,State House,District 15,2026-11-05,,False,Primary results pending,"https://ballotpedia.org/Texas_House_of_Representatives_elections,_2026",2025-10-25T13:00:16.386621
Texas - State House District 16,TX,State House,District 16,2026-11-05,,False,Primary results pending,"https://ballotpedia.org/Texas_House_of_Representatives_elections,_2026",2025-10-25T13:00:16.386621
Texas - State House District 17,TX,State House,District 17,2026-11-05,,False,Primary results pending,"https://ballotpedia.org/Texas_House_of_Representatives_elections,_2026",2025-10-25T13:00:16.386621
Texas - State House District 18,TX,State House,District 18,2026-11-05,,False,Primary results pending,"https://ballotpedia.org/Texas_House_of_Representatives_elections,_2026",2025-10-25T13:00:16.386621
Texas - State House District 19,TX,State House,District 19,2026-11-05,,False,Primary results pending,"https://ballotpedia.org/Texas_House_of_Representatives_elections,_2026",2025-10-25T13:00:16.386621
Texas - State House District 20,TX,State House,District 20,2026-11-05,,False,Primary results pending,"https://ballotpedia.org/Texas_House_of_Representatives_elections,_2026",2025-10-25T13:00:16.386621
Texas - State House District 22,TX,State House,District 22,2026-11-05,,False,Primary results pending,"https://ballotpedia.org/Texas_House_of_Representatives_elections,_2026",2025-10-25T13:00:16.386621
Texas - State House District 23,TX,State House,District 23,2026-11-05,,False,Primary results pending,"https://ballotpedia.org/Texas_House_of_Representatives_elections,_2026",2025-10-25T13:00:16.386621
Texas - State House District 24,TX,State House,District 24,2026-11-05,,False,Primary results pending,"https://ballotpedia.org/Texas_House_of_Representatives_elections,_2026",2025-10-25T13:00:16.386621
Texas - State House District 25,TX,State House,District 25,2026-11-05,,False,Primary results pending,"https://ballotpedia.org/Texas_House_of_Representatives_elections,_2026",2025-10-25T13:00:16.386621
Texas - State House District 26,TX,State House,District 26,2026-11-05,,False,Primary results pending,"https://ballotpedia.org/Texas_House_of_Representatives_elections,_2026",2025-10-25T13:00:16.386621
Texas - State House District 27,TX,State House,District 27,2026-11-05,,False,Primary results pending,"https://ballotpedia.org/Texas_House_of_Representatives_elections,_2026",2025-10-25T13:00:16.386621
Texas - State House District 28,TX,State House,District 28,2026-11-05,,False,Primary results pending,"https://ballotpedia.org/Texas_House_of_Representatives_elections,_2026",2025-10-25T13:00:16.386621
Texas - State House District 29,TX,State House,District 29,2026-11-05,,False,Primary results pending,"https://ballotpedia.org/Texas_House_of_Representatives_elections,_2026",2025-10-25T13:00:16.387633
Texas - State House District 32,TX,State House,District 32,2026-11-05,,False,Primary results pending,"https://ballotpedia.org/Texas_House_of_Representatives_elections,_2026",2025-10-25T13:00:16.387633
Texas - State House District 33,TX,State House,District 33,2026-11-05,,False,Primary results pending,"https://ballotpedia.org/Texas_House_of_Representatives_elections,_2026",2025-10-25T13:00:16.387633
Texas - State House District 34,TX,State House,District 34,2026-11-05,,False,Primary results pending,"https://ballotpedia.org/Texas_House_of_Representatives_elections,_2026",2025-10-25T13:00:16.387633
Texas - State House District 35,TX,State House,District 35,2026-11-05,,False,Primary results pending,"https://ballotpedia.org/Texas_House_of_Representatives_elections,_2026",2025-10-25T13:00:16.387633
Texas - State House District 36,TX,State House,District 36,2026-11-05,,False,Primary results pending,"https://ballotpedia.org/Texas_House_of_Representatives_elections,_2026",2025-10-25T13:00:16.387633
Texas - State House District 38,TX,State House,District 38,2026-11-05,,False,Primary results pending,"https://ballotpedia.org/Texas_House_of_Representatives_elections,_2026",2025-10-25T13:00:16.387633
Texas - State House District 39,TX,State House,District 39,2026-11-05,,False,Primary results pending,"https://ballotpedia.org/Texas_House_of_Representatives_elections,_2026",2025-10-25T13:00:16.387633
Texas - State House District 40,TX,State House,District 40,2026-11-05,,False,Primary results pending,"https://ballotpedia.org/Texas_House_of_Representatives_elections,_2026",2025-10-25T13:00:16.387633
Texas - State House District 42,TX,State House,District 42,2026-11-05,,False,Primary results pending,"https://ballotpedia.org/Texas_House_of_Representatives_elections,_2026",2025-10-25T13:00:16.387633
Texas - State House District 43,TX,State House,District 43,2026-11-05,,False,Primary results pending,"https://ballotpedia.org/Texas_House_of_Representatives_elections,_2026",2025-10-25T13:00:16.387633
Texas - State House District 44,TX,State House,District 44,2026-11-05,,False,Primary results pending,"https://ballotpedia.org/Texas_House_of_Representatives_elections,_2026",2025-10-25T13:00:16.387633
Texas - State House District 45,TX,State House,District 45,2026-11-05,,False,Primary results pending,"https://ballotpedia.org/Texas_House_of_Representatives_elections,_2026",2025-10-25T13:00:16.387633
Texas - State House District 46,TX,State House,District 46,2026-11-05,,False,Primary results pending,"https://ballotpedia.org/Texas_House_of_Representatives_elections,_2026",2025-10-25T13:00:16.387633
Texas - State House District 47,TX,State House,District 47,2026-11-05,,False,Primary results pending,"https://ballotpedia.org/Texas_House_of_Representatives_elections,_2026",2025-10-25T13:00:16.387633
Texas - State House District 48,TX,State House,District 48,2026-11-05,,False,Primary results pending,"https://ballotpedia.org/Texas_House_of_Representatives_elections,_2026",2025-10-25T13:00:16.387633
Texas - State House District 49,TX,State House,District 49,2026-11-05,,False,Primary results pending,"https://ballotpedia.org/Texas_House_of_Representatives_elections,_2026",2025-10-25T13:00:16.387633
Texas - State House District 51,TX,State House,District 51,2026-11-05,,False,Primary results pending,"https://ballotpedia.org/Texas_House_of_Representatives_elections,_2026",2025-10-25T13:00:16.387633
Texas - State House District 52,TX,State House,District 52,2026-11-05,,False,Primary results pending,"https://ballotpedia.org/Texas_House_of_Representatives_elections,_2026",2025-10-25T13:00:16.388241
Texas - State House District 53,TX,State House,District 53,2026-11-05,,False,Primary results pending,"https://ballotpedia.org/Texas_House_of_Representatives_elections,_2026",2025-10-25T13:00:16.388241
Texas - State House District 54,TX,State House,District 54,2026-11-05,,False,Primary results pending,"https://ballotpedia.org/Texas_House_of_Representatives_elections,_2026",2025-10-25T13:00:16.388241
Texas - State House District 55,TX,State House,District 55,2026-11-05,,False,Primary results pending,"https://ballotpedia.org/Texas_House_of_Representatives_elections,_2026",2025-10-25T13:00:16.388241
Texas - State House District 56,TX,State House,District 56,2026-11-05,,False,Primary results pending,"https://ballotpedia.org/Texas_House_of_Representatives_elections,_2026",2025-10-25T13:00:16.388241
Texas - State House District 57,TX,State House,District 57,2026-11-05,,False,Primary results pending,"https://ballotpedia.org/Texas_House_of_Representatives_elections,_2026",2025-10-25T13:00:16.388241
Texas - State House District 58,TX,State House,District 58,2026-11-05,,False,Primary results pending,"https://ballotpedia.org/Texas_House_of_Representatives_elections,_2026",2025-10-25T13:00:16.388241
Texas - State House District 60,TX,State House,District 60,2026-11-05,,False,Primary results pending,"https://ballotpedia.org/Texas_House_of_Representatives_elections,_2026",2025-10-25T13:00:16.388241
Texas - State House District 61,TX,State House,District 61,2026-11-05,,False,Primary results pending,"https://ballotpedia.org/Texas_House_of_Representatives_elections,_2026",2025-10-25T13:00:16.388241
Texas - State House District 62,TX,State House,District 62,2026-11-05,,False,Primary results pending,"https://ballotpedia.org/Texas_House_of_Representatives_elections,_2026",2025-10-25T13:00:16.388241
Texas - State House District 63,TX,State House,District 63,2026-11-05,,False,Primary results pending,"https://ballotpedia.org/Texas_House_of_Representatives_elections,_2026",2025-10-25T13:00:16.388241
Texas - State House District 64,TX,State House,District 64,2026-11-05,,False,Primary results pending,"https://ballotpedia.org/Texas_House_of_Representatives_elections,_2026",2025-10-25T13:00:16.388241
Texas - State House District 65,TX,State House,District 65,2026-11-05,,False,Primary results pending,"https://ballotpedia.org/Texas_House_of_Representatives_elections,_2026",2025-10-25T13:00:16.388241
Texas - State House District 66,TX,State House,District 66,2026-11-05,,False,Primary results pending,"https://ballotpedia.org/Texas_House_of_Representatives_elections,_2026",2025-10-25T13:00:16.388241
Texas - State House District 67,TX,State House,District 67,2026-11-05,,False,Primary results pending,"https://ballotpedia.org/Texas_House_of_Representatives_elections,_2026",2025-10-25T13:00:16.388241
Texas - State House District 68,TX,State House,District 68,2026-11-05,,False,Primary results pending,"https://ballotpedia.org/Texas_House_of_Representatives_elections,_2026",2025-10-25T13:00:16.388241
Texas - State House District 69,TX,State House,District 69,2026-11-05,,False,Primary results pending,"https://ballotpedia.org/Texas_House_of_Representatives_elections,_2026",2025-10-25T13:00:16.388241
Texas - State House District 70,TX,State House,District 70,2026-11-05,,False,Primary results pending,"https://ballotpedia.org/Texas_House_of_Representatives_elections,_2026",2025-10-25T13:00:16.388241
Texas - State House District 71,TX,State House,District 71,2026-11-05,,False,Primary results pending,"https://ballotpedia.org/Texas_House_of_Representatives_elections,_2026",2025-10-25T13:00:16.388241
Texas - State House District 72,TX,State House,District 72,2026-11-05,,False,Primary results pending,"https://ballotpedia.org/Texas_House_of_Representatives_elections,_2026",2025-10-25T13:00:16.388241
Texas - State House District 73,TX,State House,District 73,2026-11-05,,False,Primary results pending,"https://ballotpedia.org/Texas_House_of_Representatives_elections,_2026",2025-10-25T13:00:16.388241
Texas - State House District 75,TX,State House,District 75,2026-11-05,,False,Primary results pending,"https://ballotpedia.org/Texas_House_of_Representatives_elections,_2026",2025-10-25T13:00:16.388241
Texas - State House District 76,TX,State House,District 76,2026-11-05,,False,Primary results pending,"https://ballotpedia.org/Texas_House_of_Representatives_elections,_2026",2025-10-25T13:00:16.388241
Texas - State House District 77,TX,State House,District 77,2026-11-05,,False,Primary results pending,"https://ballotpedia.org/Texas_House_of_Representatives_elections,_2026",2025-10-25T13:00:16.388241
Texas - State House District 78,TX,State House,District 78,2026-11-05,,False,Primary results pending,"https://ballotpedia.org/Texas_House_of_Representatives_elections,_2026",2025-10-25T13:00:16.388241
Texas - State House District 79,TX,State House,District 79,2026-11-05,,False,Primary results pending,"https://ballotpedia.org/Texas_House_of_Representatives_elections,_2026",2025-10-25T13:00:16.388241
Texas - State House District 80,TX,State House,District 80,2026-11-05,,False,Primary results pending,"https://ballotpedia.org/Texas_House_of_Representatives_elections,_2026",2025-10-25T13:00:16.388241
Texas - State House District 81,TX,State House,District 81,2026-11-05,,False,Primary results pending,"https://ballotpedia.org/Texas_House_of_Representatives_elections,_2026",2025-10-25T13:00:16.388241
Texas - State House District 82,TX,State House,District 82,2026-11-05,,False,Primary results pending,"https://ballotpedia.org/Texas_House_of_Representatives_elections,_2026",2025-10-25T13:00:16.388241
Texas - State House District 84,TX,State House,District 84,2026-11-05,,False,Primary results pending,"https://ballotpedia.org/Texas_House_of_Representatives_elections,_2026",2025-10-25T13:00:16.388241
Texas - State House District 85,TX,State House,District 85,2026-11-05,,False,Primary results pending,"https://ballotpedia.org/Texas_House_of_Representatives_elections,_2026",2025-10-25T13:00:16.388241
Texas - State House District 86,TX,State House,District 86,2026-11-05,,False,Primary results pending,"https://ballotpedia.org/Texas_House_of_Representatives_elections,_2026",2025-10-25T13:00:16.388241
Texas - State House District 87,TX,State House,District 87,2026-11-05,,False,Primary results pending,"https://ballotpedia.org/Texas_House_of_Representatives_elections,_2026",2025-10-25T13:00:16.388241
Texas - State House District 88,TX,State House,District 88,2026-11-05,,False,Primary results pending,"https://ballotpedia.org/Texas_House_of_Representatives_elections,_2026",2025-10-25T13:00:16.388241
Texas - State House District 89,TX,State House,District 89,2026-11-05,,False,Primary results pending,"https://ballotpedia.org/Texas_House_of_Representatives_elections,_2026",2025-10-25T13:00:16.388241
Texas - State House District 90,TX,State House,District 90,2026-11-05,,False,Primary results pending,"https://ballotpedia.org/Texas_House_of_Representatives_elections,_2026",2025-10-25T13:00:16.388241
Texas - State House District 91,TX,State House,District 91,2026-11-05,,False,Primary results pending,"https://ballotpedia.org/Texas_House_of_Representatives_elections,_2026",2025-10-25T13:00:16.388241
Texas - State House District 92,TX,State House,District 92,2026-11-05,,False,Primary results pending,"https://ballotpedia.org/Texas_House_of_Representatives_elections,_2026",2025-10-25T13:00:16.388241
Texas - State House District 93,TX,State House,District 93,2026-11-05,,False,Primary results pending,"https://ballotpedia.org/Texas_House_of_Representatives_elections,_2026",2025-10-25T13:00:16.388241
Texas - State House District 94,TX,State House,District 94,2026-11-05,,False,Primary results pending,"https://ballotpedia.org/Texas_House_of_Representatives_elections,_2026",2025-10-25T13:00:16.389331
Texas - State House District 95,TX,State House,District 95,2026-11-05,,False,Primary results pending,"https://ballotpedia.org/Texas_House_of_Representatives_elections,_2026",2025-10-25T13:00:16.389331
Texas - State House District 96,TX,State House,District 96,2026-11-05,,False,Primary results pending,"https://ballotpedia.org/Texas_House_of_Representatives_elections,_2026",2025-10-25T13:00:16.389331
Texas - State House District 97,TX,State House,District 97,2026-11-05,,False,Primary results pending,"https://ballotpedia.org/Texas_House_of_Representatives_elections,_2026",2025-10-25T13:00:16.389331
Texas - State House District 98,TX,State House,District 98,2026-11-05,,False,Primary results pending,"https://ballotpedia.org/Texas_House_of_Representatives_elections,_2026",2025-10-25T13:00:16.389331
Texas - State House District 99,TX,State House,District 99,2026-11-05,,False,Primary results pending,"https://ballotpedia.org/Texas_House_of_Representatives_elections,_2026",2025-10-25T13:00:16.389331
Texas - State House District 100,TX,State House,District 100,2026-11-05,,False,Primary results pending,"https://ballotpedia.org/Texas_House_of_Representatives_elections,_2026",2025-10-25T13:00:16.389331
Texas - State House District 101,TX,State House,District 101,2026-11-05,,False,Primary results pending,"https://ballotpedia.org/Texas_House_of_Representatives_elections,_2026",2025-10-25T13:00:16.389331
Texas - State House District 102,TX,State House,District 102,2026-11-05,,False,Primary results pending,"https://ballotpedia.org/Texas_House_of_Representatives_elections,_2026",2025-10-25T13:00:16.389331
Texas - State House District 103,TX,State House,District 103,2026-11-05,,False,Primary results pending,"https://ballotpedia.org/Texas_House_of_Representatives_elections,_2026",2025-10-25T13:00:16.389331
Texas - State House District 104,TX,State House,District 104,2026-11-05,,False,Primary results pending,"https://ballotpedia.org/Texas_House_of_Representatives_elections,_2026",2025-10-25T13:00:16.389331
Texas - State House District 105,TX,State House,District 105,2026-11-05,,False,Primary results pending,"https://ballotpedia.org/Texas_House_of_Representatives_elections,_2026",2025-10-25T13:00:16.389331
Texas - State House District 106,TX,State House,District 106,2026-11-05,,False,Primary results pending,"https://ballotpedia.org/Texas_House_of_Representatives_elections,_2026",2025-10-25T13:00:16.389331
Texas - State House District 107,TX,State House,District 107,2026-11-05,,False,Primary results pending,"https://ballotpedia.org/Texas_House_of_Representatives_elections,_2026",2025-10-25T13:00:16.389331
Texas - State House District 108,TX,State House,District 108,2026-11-05,,False,Primary results pending,"https://ballotpedia.org/Texas_House_of_Representatives_elections,_2026",2025-10-25T13:00:16.389331
Texas - State House District 109,TX,State House,District 109,2026-11-05,,False,Primary results pending,"https://ballotpedia.org/Texas_House_of_Representatives_elections,_2026",2025-10-25T13:00:16.389331
Texas - State House District 110,TX,State House,District 110,2026-11-05,,False,Primary results pending,"https://ballotpedia.org/Texas_House_of_Representatives_elections,_2026",2025-10-25T13:00:16.389331
Texas - State House District 111,TX,State House,District 111,2026-11-05,,False,Primary results pending,"https://ballotpedia.org/Texas_House_of_Representatives_elections,_2026",2025-10-25T13:00:16.389331
Texas - State House District 113,TX,State House,District 113,2026-11-05,,False,Primary results pending,"https://ballotpedia.org/Texas_House_of_Representatives_elections,_2026",2025-10-25T13:00:16.389331
Texas - State House District 114,TX,State House,District 114,2026-11-05,,False,Primary results pending,"https://ballotpedia.org/Texas_House_of_Representatives_elections,_2026",2025-10-25T13:00:16.389331
Texas - State House District 115,TX,State House,District 115,2026-11-05,,False,Primary results pending,"https://ballotpedia.org/Texas_House_of_Representatives_elections,_2026",2025-10-25T13:00:16.389331
Texas - State House District 116,TX,State House,District 116,2026-11-05,,False,Primary results pending,"https://ballotpedia.org/Texas_House_of_Representatives_elections,_2026",2025-10-25T13:00:16.389331
Texas - State House District 117,TX,State House,District 117,2026-11-05,,False,Primary results pending,"https://ballotpedia.org/Texas_House_of_Representatives_elections,_2026",2025-10-25T13:00:16.389331
Texas - State House District 118,TX,State House,District 118,2026-11-05,,False,Primary results pending,"https://ballotpedia.org/Texas_House_of_Representatives_elections,_2026",2025-10-25T13:00:16.389331
Texas - State House District 119,TX,State House,District 119,2026-11-05,,False,Primary results pending,"https://ballotpedia.org/Texas_House_of_Representatives_elections,_2026",2025-10-25T13:00:16.389331
Texas - State House District 120,TX,State House,District 120,2026-11-05,,False,Primary results pending,"https://ballotpedia.org/Texas_House_of_Representatives_elections,_2026",2025-10-25T13:00:16.389331
Texas - State House District 121,TX,State House,District 121,2026-11-05,,False,Primary results pending,"https://ballotpedia.org/Texas_House_of_Representatives_elections,_2026",2025-10-25T13:00:16.389331
Texas - State House District 122,TX,State House,District 122,2026-11-05,,False,Primary results pending,"https://ballotpedia.org/Texas_House_of_Representatives_elections,_2026",2025-10-25T13:00:16.389331
Texas - State House District 123,TX,State House,District 123,2026-11-05,,False,Primary results pending,"https://ballotpedia.org/Texas_House_of_Representatives_elections,_2026",2025-10-25T13:00:16.389331
Texas - State House District 124,TX,State House,District 124,2026-11-05,,False,Primary results pending,"https://ballotpedia.org/Texas_House_of_Representatives_elections,_2026",2025-10-25T13:00:16.389331
Texas - State House District 126,TX,State House,District 126,2026-11-05,,False,Primary results pending,"https://ballotpedia.org/Texas_House_of_Representatives_elections,_2026",2025-10-25T13:00:16.389331
Texas - State House District 127,TX,State House,District 127,2026-11-05,,False,Primary results pending,"https://ballotpedia.org/Texas_House_of_Representatives_elections,_2026",2025-10-25T13:00:16.389331
Texas - State House District 128,TX,State House,District 128,2026-11-05,,False,Primary results pending,"https://ballotpedia.org/Texas_House_of_Representatives_elections,_2026",2025-10-25T13:00:16.389331
Texas - State House District 129,TX,State House,District 129,2026-11-05,,False,Primary results pending,"https://ballotpedia.org/Texas_House_of_Representatives_elections,_2026",2025-10-25T13:00:16.390279
Texas - State House District 130,TX,State House,District 130,2026-11-05,,False,Primary results pending,"https://ballotpedia.org/Texas_House_of_Representatives_elections,_2026",2025-10-25T13:00:16.390279
Texas - State House District 131,TX,State House,District 131,2026-11-05,,False,Primary results pending,"https://ballotpedia.org/Texas_House_of_Representatives_elections,_2026",2025-10-25T13:00:16.390279
Texas - State House District 132,TX,State House,District 132,2026-11-05,,False,Primary results pending,"https://ballotpedia.org/Texas_House_of_Representatives_elections,_2026",2025-10-25T13:00:16.390279
Texas - State House District 133,TX,State House,District 133,2026-11-05,,False,Primary results pending,"https://ballotpedia.org/Texas_House_of_Representatives_elections,_2026",2025-10-25T13:00:16.390279
Texas - State House District 134,TX,State House,District 134,2026-11-05,,False,Primary results pending,"https://ballotpedia.org/Texas_House_of_Representatives_elections,_2026",2025-10-25T13:00:16.390279
Texas - State House District 136,TX,State House,District 136,2026-11-05,,False,Primary results pending,"https://ballotpedia.org/Texas_House_of_Representatives_elections,_2026",2025-10-25T13:00:16.390279
Texas - State House District 137,TX,State House,District 137,2026-11-05,,False,Primary results pending,"https://ballotpedia.org/Texas_House_of_Representatives_elections,_2026",2025-10-25T13:00:16.390279
Texas - State House District 138,TX,State House,District 138,2026-11-05,,False,Primary results pending,"https://ballotpedia.org/Texas_House_of_Representatives_elections,_2026",2025-10-25T13:00:16.390279
Texas - State House District 139,TX,State House,District 139,2026-11-05,,False,Primary results pending,"https://ballotpedia.org/Texas_House_of_Representatives_elections,_2026",2025-10-25T13:00:16.390279
Texas - State House District 140,TX,State House,District 140,2026-11-05,,False,Primary results pending,"https://ballotpedia.org/Texas_House_of_Representatives_elections,_2026",2025-10-25T13:00:16.390279
Texas - State House District 141,TX,State House,District 141,2026-11-05,,False,Primary results pending,"https://ballotpedia.org/Texas_House_of_Representatives_elections,_2026",2025-10-25T13:00:16.390279
Texas - State House District 142,TX,State House,District 142,2026-11-05,,False,Primary results pending,"https://ballotpedia.org/Texas_House_of_Representatives_elections,_2026",2025-10-25T13:00:16.390279
Texas - State House District 143,TX,State House,District 143,2026-11-05,,False,Primary results pending,"https://ballotpedia.org/Texas_House_of_Representatives_elections,_2026",2025-10-25T13:00:16.390279
Texas - State House District 144,TX,State House,District 144,2026-11-05,,False,Primary results pending,"https://ballotpedia.org/Texas_House_of_Representatives_elections,_2026",2025-10-25T13:00:16.390279
Texas - State House District 145,TX,State House,District 145,2026-11-05,,False,Primary results pending,"https://ballotpedia.org/Texas_House_of_Representatives_elections,_2026",2025-10-25T13:00:16.390279
Texas - State House District 146,TX,State House,District 146,2026-11-05,,False,Primary results pending,"https://ballotpedia.org/Texas_House_of_Representatives_elections,_2026",2025-10-25T13:00:16.390279
Texas - State House District 147,TX,State House,District 147,2026-11-05,,False,Primary results pending,"https://ballotpedia.org/Texas_House_of_Representatives_elections,_2026",2025-10-25T13:00:16.390279
Texas - State House District 148,TX,State House,District 148,2026-11-05,,False,Primary results pending,"https://ballotpedia.org/Texas_House_of_Representatives_elections,_2026",2025-10-25T13:00:16.390279
Texas - State House District 149,TX,State House,District 149,2026-11-05,,False,Primary results pending,"https://ballotpedia.org/Texas_House_of_Representatives_elections,_2026",2025-10-25T13:00:16.390279
Texas - State House District 150,TX,State House,District 150,2026-11-05,,False,Primary results pending,"https://ballotpedia.org/Texas_House_of_Representatives_elections,_2026",2025-10-25T13:00:16.390279
Texas - State House Salary,TX,State House,Salary,2026-11-05,,False,Per diem,"https://ballotpedia.org/Texas_House_of_Representatives_elections,_2026",2025-10-25T13:00:16.390279
"Texas - State House $7,200/year",TX,State House,"$7,200/year",2026-11-05,,False,$221/day,"https://ballotpedia.org/Texas_House_of_Representatives_elections,_2026",2025-10-25T13:00:16.390279
Texas - State House Governor,TX,State House,Governor,2026-11-05,,False,D,"https://ballotpedia.org/Texas_House_of_Representatives_elections,_2026",2025-10-25T13:00:16.390279
Texas - State House Senate,TX,State House,Senate,2026-11-05,,False,D,"https://ballotpedia.org/Texas_House_of_Representatives_elections,_2026",2025-10-25T13:00:16.391336
Texas - State House House,TX,State House,House,2026-11-05,,False,D,"https://ballotpedia.org/Texas_House_of_Representatives_elections,_2026",2025-10-25T13:00:16.391336
Texas - State House Winning Party,TX,State House,Winning Party,2026-11-05,,False,D,"https://ballotpedia.org/Texas_House_of_Representatives_elections,_2026",2025-10-25T13:00:16.391336
California - State Senate Total,CA,State Senate,Total,2026-11-05,,False,40,"https://ballotpedia.org/California_State_Senate_elections,_2026",2025-10-25T13:00:58.322927
California - State Senate Office,CA,State Senate,Office,2026-11-05,,False,Democratic,"https://ballotpedia.org/California_State_Senate_elections,_2026",2025-10-25T13:00:58.322927
California - State Senate District 2,CA,State Senate,District 2,2026-11-05,,False,Mike McGuire(i)Did not make the ballot:James Gore,"https://ballotpedia.org/California_State_Senate_elections,_2026",2025-10-25T13:00:58.323929
California - State Senate District 4,CA,State Senate,District 4,2026-11-05,,False,,"https://ballotpedia.org/California_State_Senate_elections,_2026",2025-10-25T13:00:58.323929
California - State Senate District 6,CA,State Senate,District 6,2026-11-05,,False,David Hildebrand,"https://ballotpedia.org/California_State_Senate_elections,_2026",2025-10-25T13:00:58.323929
California - State Senate District 8,CA,State Senate,District 8,2026-11-05,,False,Angelique Ashby(i),"https://ballotpedia.org/California_State_Senate_elections,_2026",2025-10-25T13:00:58.323929
California - State Senate District 10,CA,State Senate,District 10,2026-11-05,,False,Aisha Wahab(i),"https://ballotpedia.org/California_State_Senate_elections,_2026",2025-10-25T13:00:58.323929
California - State Senate District 12,CA,State Senate,District 12,2026-11-05,,False,,"https://ballotpedia.org/California_State_Senate_elections,_2026",2025-10-25T13:00:58.324928
California - State Senate District 14,CA,State Senate,District 14,2026-11-05,,False,Esmeralda Soria,"https://ballotpedia.org/California_State_Senate_elections,_2026",2025-10-25T13:00:58.324928
California - State Senate District 16,CA,State Senate,District 16,2026-11-05,,False,Melissa Hurtado(i),"https://ballotpedia.org/California_State_Senate_elections,_2026",2025-10-25T13:00:58.324928
California - State Senate District 18,CA,State Senate,District 18,2026-11-05,,False,Steve Padilla(i),"https://ballotpedia.org/California_State_Senate_elections,_2026",2025-10-25T13:00:58.324928
California - State Senate District 20,CA,State Senate,District 20,2026-11-05,,False,Caroline Menjivar(i),"https://ballotpedia.org/California_State_Senate_elections,_2026",2025-10-25T13:00:58.324928
California - State Senate District 22,CA,State Senate,District 22,2026-11-05,,False,Susan Rubio(i),"https://ballotpedia.org/California_State_Senate_elections,_2026",2025-10-25T13:00:58.324928
California - State Senate District 24,CA,State Senate,District 24,2026-11-05,,False,Sion RoyNico Ruderman,"https://ballotpedia.org/California_State_Senate_elections,_2026",2025-10-25T13:00:58.324928
California - State Senate District 26,CA,State Senate,District 26,2026-11-05,,False,Maria Elena Durazo(i),"https://ballotpedia.org/California_State_Senate_elections,_2026",2025-10-25T13:00:58.324928
California - State Senate District 28,CA,State Senate,District 28,2026-11-05,,False,Lola Smallwood-Cuevas(i),"https://ballotpedia.org/California_State_Senate_elections,_2026",2025-10-25T13:00:58.324928
California - State Senate District 30,CA,State Senate,District 30,2026-11-05,,False,Bob Archuleta(i),"https://ballotpedia.org/California_State_Senate_elections,_2026",2025-10-25T13:00:58.324928
California - State Senate District 32,CA,State Senate,District 32,2026-11-05,,False,,"https://ballotpedia.org/California_State_Senate_elections,_2026",2025-10-25T13:00:58.324928
California - State Senate District 36,CA,State Senate,District 36,2026-11-05,,False,Richard Foster,"https://ballotpedia.org/California_State_Senate_elections,_2026",2025-10-25T13:00:58.324928
California - State Senate District 38,CA,State Senate,District 38,2026-11-05,,False,Catherine Blakespear(i),"https://ballotpedia.org/California_State_Senate_elections,_2026",2025-10-25T13:00:58.324928
California - State Senate District 40,CA,State Senate,District 40,2026-11-05,,False,Sabrina Bazzo,"https://ballotpedia.org/California_State_Senate_elections,_2026",2025-10-25T13:00:58.324928
California - State Senate Salary,CA,State Senate,Salary,2026-11-05,,False,Per diem,"https://ballotpedia.org/California_State_Senate_elections,_2026",2025-10-25T13:00:58.324928
"California - State Senate $128,215/year",CA,State Senate,"$128,215/year",2026-11-05,,False,$214/day,"https://ballotpedia.org/California_State_Senate_elections,_2026",2025-10-25T13:00:58.324928
California - State Senate Governor,CA,State Senate,Governor,2026-11-05,,False,R,"https://ballotpedia.org/California_State_Senate_elections,_2026",2025-10-25T13:00:58.325928
California - State Senate Senate,CA,State Senate,Senate,2026-11-05,,False,D,"https://ballotpedia.org/California_State_Senate_elections,_2026",2025-10-25T13:00:58.325928
California - State Senate Assembly,CA,State Senate,Assembly,2026-11-05,,False,D,"https://ballotpedia.org/California_State_Senate_elections,_2026",2025-10-25T13:00:58.325928
California - State Senate Winning Party,CA,State Senate,Winning Party,2026-11-05,,False,R,"https://ballotpedia.org/California_State_Senate_elections,_2026",2025-10-25T13:00:58.325928
Florida - State Senate Total,FL,State Senate,Total,2026-11-05,,False,40,"https://ballotpedia.org/Florida_State_Senate_elections,_2026",2025-10-25T13:01:00.965880
Florida - State Senate Office,FL,State Senate,Office,2026-11-05,,False,Democratic,"https://ballotpedia.org/Florida_State_Senate_elections,_2026",2025-10-25T13:01:00.967385
Florida - State Senate District 2,FL,State Senate,District 2,2026-11-05,,False,,"https://ballotpedia.org/Florida_State_Senate_elections,_2026",2025-10-25T13:01:00.967385
Florida - State Senate District 4,FL,State Senate,District 4,2026-11-05,,False,,"https://ballotpedia.org/Florida_State_Senate_elections,_2026",2025-10-25T13:01:00.967385
Florida - State Senate District 6,FL,State Senate,District 6,2026-11-05,,False,,"https://ballotpedia.org/Florida_State_Senate_elections,_2026",2025-10-25T13:01:00.967385
Florida - State Senate District 8,FL,State Senate,District 8,2026-11-05,,False,,"https://ballotpedia.org/Florida_State_Senate_elections,_2026",2025-10-25T13:01:00.967385
Florida - State Senate District 10,FL,State Senate,District 10,2026-11-05,,False,,"https://ballotpedia.org/Florida_State_Senate_elections,_2026",2025-10-25T13:01:00.968389
Florida - State Senate District 12,FL,State Senate,District 12,2026-11-05,,False,,"https://ballotpedia.org/Florida_State_Senate_elections,_2026",2025-10-25T13:01:00.968389
Florida - State Senate District 14,FL,State Senate,District 14,2026-11-05,,False,Brian Nathan,"https://ballotpedia.org/Florida_State_Senate_elections,_2026",2025-10-25T13:01:00.968389
Florida - State Senate District 16,FL,State Senate,District 16,2026-11-05,,False,Fentrice DriskellMichele Rayner-Goolsby,"https://ballotpedia.org/Florida_State_Senate_elections,_2026",2025-10-25T13:01:00.968389
Florida - State Senate District 18,FL,State Senate,District 18,2026-11-05,,False,,"https://ballotpedia.org/Florida_State_Senate_elections,_2026",2025-10-25T13:01:00.968389
Florida - State Senate District 20,FL,State Senate,District 20,2026-11-05,,False,,"https://ballotpedia.org/Florida_State_Senate_elections,_2026",2025-10-25T13:01:00.968389
Florida - State Senate District 22,FL,State Senate,District 22,2026-11-05,,False,,"https://ballotpedia.org/Florida_State_Senate_elections,_2026",2025-10-25T13:01:00.968389
Florida - State Senate District 24,FL,State Senate,District 24,2026-11-05,,False,Mack Bernard(i),"https://ballotpedia.org/Florida_State_Senate_elections,_2026",2025-10-25T13:01:00.968389
Florida - State Senate District 26,FL,State Senate,District 26,2026-11-05,,False,Yvette DruckerDavid Silvers,"https://ballotpedia.org/Florida_State_Senate_elections,_2026",2025-10-25T13:01:00.968389
Florida - State Senate District 28,FL,State Senate,District 28,2026-11-05,,False,,"https://ballotpedia.org/Florida_State_Senate_elections,_2026",2025-10-25T13:01:00.968389
Florida - State Senate District 30,FL,State Senate,District 30,2026-11-05,,False,Tina Polsky(i),"https://ballotpedia.org/Florida_State_Senate_elections,_2026",2025-10-25T13:01:00.968389
Florida - State Senate District 32,FL,State Senate,District 32,2026-11-05,,False,Rosalind Osgood(i),"https://ballotpedia.org/Florida_State_Senate_elections,_2026",2025-10-25T13:01:00.968389
Florida - State Senate District 34,FL,State Senate,District 34,2026-11-05,,False,Shevrin Jones(i)Pitchie Escarment,"https://ballotpedia.org/Florida_State_Senate_elections,_2026",2025-10-25T13:01:00.968389
Florida - State Senate District 36,FL,State Senate,District 36,2026-11-05,,False,,"https://ballotpedia.org/Florida_State_Senate_elections,_2026",2025-10-25T13:01:00.968389
Florida - State Senate District 38,FL,State Senate,District 38,2026-11-05,,False,,"https://ballotpedia.org/Florida_State_Senate_elections,_2026",2025-10-25T13:01:00.968389
Florida - State Senate District 40,FL,State Senate,District 40,2026-11-05,,False,,"https://ballotpedia.org/Florida_State_Senate_elections,_2026",2025-10-25T13:01:00.969389
Florida - State Senate Salary,FL,State Senate,Salary,2026-11-05,,False,Per diem,"https://ballotpedia.org/Florida_State_Senate_elections,_2026",2025-10-25T13:01:00.969389
"Florida - State Senate $29,697/year",FL,State Senate,"$29,697/year",2026-11-05,,False,$175/day for a maximum of 60 days. Members can also receive per diem outside of the session.,"https://ballotpedia.org/Florida_State_Senate_elections,_2026",2025-10-25T13:01:00.969389
Florida - State Senate Governor,FL,State Senate,Governor,2026-11-05,,False,D,"https://ballotpedia.org/Florida_State_Senate_elections,_2026",2025-10-25T13:01:00.969389
Florida - State Senate Senate,FL,State Senate,Senate,2026-11-05,,False,D,"https://ballotpedia.org/Florida_State_Senate_elections,_2026",2025-10-25T13:01:00.969389
Florida - State Senate House,FL,State Senate,House,2026-11-05,,False,D,"https://ballotpedia.org/Florida_State_Senate_elections,_2026",2025-10-25T13:01:00.970391
Florida - State Senate Winning Party,FL,State Senate,Winning Party,2026-11-05,,False,D,"https://ballotpedia.org/Florida_State_Senate_elections,_2026",2025-10-25T13:01:00.970391
Florida - State House Total,FL,State House,Total,2026-11-05,,False,120,"https://ballotpedia.org/Florida_House_of_Representatives_elections,_2026",2025-10-25T13:01:05.739245
Florida - State House Office,FL,State House,Office,2026-11-05,,False,Democratic,"https://ballotpedia.org/Florida_House_of_Representatives_elections,_2026",2025-10-25T13:01:05.740241
Florida - State House District 1,FL,State House,District 1,2026-11-05,,False,,"https://ballotpedia.org/Florida_House_of_Representatives_elections,_2026",2025-10-25T13:01:05.744242
Florida - State House District 2,FL,State House,District 2,2026-11-05,,False,Johnny Thompson,"https://ballotpedia.org/Florida_House_of_Representatives_elections,_2026",2025-10-25T13:01:05.744242
Florida - State House District 3,FL,State House,District 3,2026-11-05,,False,,"https://ballotpedia.org/Florida_House_of_Representatives_elections,_2026",2025-10-25T13:01:05.744242
Florida - State House District 6,FL,State House,District 6,2026-11-05,,False,David Richardson,"https://ballotpedia.org/Florida_House_of_Representatives_elections,_2026",2025-10-25T13:01:05.744242
Florida - State House District 7,FL,State House,District 7,2026-11-05,,False,Reggie Gaffney,"https://ballotpedia.org/Florida_House_of_Representatives_elections,_2026",2025-10-25T13:01:05.744242
Florida - State House District 8,FL,State House,District 8,2026-11-05,,False,Gallop Franklin(i)Did not make the ballot:Paul Dellinger,"https://ballotpedia.org/Florida_House_of_Representatives_elections,_2026",2025-10-25T13:01:05.745245
Florida - State House District 10,FL,State House,District 10,2026-11-05,,False,,"https://ballotpedia.org/Florida_House_of_Representatives_elections,_2026",2025-10-25T13:01:05.745245
Florida - State House District 11,FL,State House,District 11,2026-11-05,,False,,"https://ballotpedia.org/Florida_House_of_Representatives_elections,_2026",2025-10-25T13:01:05.745245
Florida - State House District 12,FL,State House,District 12,2026-11-05,,False,,"https://ballotpedia.org/Florida_House_of_Representatives_elections,_2026",2025-10-25T13:01:05.745245
Florida - State House District 13,FL,State House,District 13,2026-11-05,,False,Shemiah Rutledge,"https://ballotpedia.org/Florida_House_of_Representatives_elections,_2026",2025-10-25T13:01:05.745245
Florida - State House District 14,FL,State House,District 14,2026-11-05,,False,Kimberly Daniels(i)Therese Wakefield-Gamble,"https://ballotpedia.org/Florida_House_of_Representatives_elections,_2026",2025-10-25T13:01:05.745245
Florida - State House District 15,FL,State House,District 15,2026-11-05,,False,,"https://ballotpedia.org/Florida_House_of_Representatives_elections,_2026",2025-10-25T13:01:05.746242
Florida - State House District 17,FL,State House,District 17,2026-11-05,,False,,"https://ballotpedia.org/Florida_House_of_Representatives_elections,_2026",2025-10-25T13:01:05.746242
Florida - State House District 18,FL,State House,District 18,2026-11-05,,False,,"https://ballotpedia.org/Florida_House_of_Representatives_elections,_2026",2025-10-25T13:01:05.746242
Florida - State House District 19,FL,State House,District 19,2026-11-05,,False,,"https://ballotpedia.org/Florida_House_of_Representatives_elections,_2026",2025-10-25T13:01:05.746242
Florida - State House District 20,FL,State House,District 20,2026-11-05,,False,,"https://ballotpedia.org/Florida_House_of_Representatives_elections,_2026",2025-10-25T13:01:05.746242
Florida - State House District 21,FL,State House,District 21,2026-11-05,,False,Xavier MonroeMalik Juwan Moore,"https://ballotpedia.org/Florida_House_of_Representatives_elections,_2026",2025-10-25T13:01:05.746242
Florida - State House District 22,FL,State House,District 22,2026-11-05,,False,Amy Trask,"https://ballotpedia.org/Florida_House_of_Representatives_elections,_2026",2025-10-25T13:01:05.746242
Florida - State House District 23,FL,State House,District 23,2026-11-05,,False,,"https://ballotpedia.org/Florida_House_of_Representatives_elections,_2026",2025-10-25T13:01:05.747244
Florida - State House District 25,FL,State House,District 25,2026-11-05,,False,Banks Helfrich,"https://ballotpedia.org/Florida_House_of_Representatives_elections,_2026",2025-10-25T13:01:05.747749
Florida - State House District 30,FL,State House,District 30,2026-11-05,,False,,"https://ballotpedia.org/Florida_House_of_Representatives_elections,_2026",2025-10-25T13:01:05.747749
Florida - State House District 31,FL,State House,District 31,2026-11-05,,False,,"https://ballotpedia.org/Florida_House_of_Representatives_elections,_2026",2025-10-25T13:01:05.747749
Florida - State House District 32,FL,State House,District 32,2026-11-05,,False,Juan Hinojosa,"https://ballotpedia.org/Florida_House_of_Representatives_elections,_2026",2025-10-25T13:01:05.748758
Florida - State House District 33,FL,State House,District 33,2026-11-05,,False,Daniel McDow,"https://ballotpedia.org/Florida_House_of_Representatives_elections,_2026",2025-10-25T13:01:05.748758
Florida - State House District 34,FL,State House,District 34,2026-11-05,,False,,"https://ballotpedia.org/Florida_House_of_Representatives_elections,_2026",2025-10-25T13:01:05.748758
Florida - State House District 35,FL,State House,District 35,2026-11-05,,False,Eric Gray,"https://ballotpedia.org/Florida_House_of_Representatives_elections,_2026",2025-10-25T13:01:05.748758
Florida - State House District 36,FL,State House,District 36,2026-11-05,,False,,"https://ballotpedia.org/Florida_House_of_Representatives_elections,_2026",2025-10-25T13:01:05.748758
Florida - State House District 37,FL,State House,District 37,2026-11-05,,False,Jane Aman,"https://ballotpedia.org/Florida_House_of_Representatives_elections,_2026",2025-10-25T13:01:05.748758
Florida - State House District 38,FL,State House,District 38,2026-11-05,,False,,"https://ballotpedia.org/Florida_House_of_Representatives_elections,_2026",2025-10-25T13:01:05.748758
Florida - State House District 39,FL,State House,District 39,2026-11-05,,False,,"https://ballotpedia.org/Florida_House_of_Representatives_elections,_2026",2025-10-25T13:01:05.749758
Florida - State House District 41,FL,State House,District 41,2026-11-05,,False,Jane't Buford Johnson,"https://ballotpedia.org/Florida_House_of_Representatives_elections,_2026",2025-10-25T13:01:05.749758
Florida - State House District 42,FL,State House,District 42,2026-11-05,,False,Felipe Sousa Lazaballet,"https://ballotpedia.org/Florida_House_of_Representatives_elections,_2026",2025-10-25T13:01:05.749758
Florida - State House District 43,FL,State House,District 43,2026-11-05,,False,Johanna Lpez(i),"https://ballotpedia.org/Florida_House_of_Representatives_elections,_2026",2025-10-25T13:01:05.749758
Florida - State House District 44,FL,State House,District 44,2026-11-05,,False,Jennifer Harris(i),"https://ballotpedia.org/Florida_House_of_Representatives_elections,_2026",2025-10-25T13:01:05.749758
Florida - State House District 45,FL,State House,District 45,2026-11-05,,False,Leonard Spencer(i),"https://ballotpedia.org/Florida_House_of_Representatives_elections,_2026",2025-10-25T13:01:05.749758
Florida - State House District 46,FL,State House,District 46,2026-11-05,,False,R. LeWayne JohnsonKenneth Quinones,"https://ballotpedia.org/Florida_House_of_Representatives_elections,_2026",2025-10-25T13:01:05.750755
Florida - State House District 47,FL,State House,District 47,2026-11-05,,False,Anthony Nieves,"https://ballotpedia.org/Florida_House_of_Representatives_elections,_2026",2025-10-25T13:01:05.750755
Florida - State House District 48,FL,State House,District 48,2026-11-05,,False,Luis Davila,"https://ballotpedia.org/Florida_House_of_Representatives_elections,_2026",2025-10-25T13:01:05.750755
Florida - State House District 49,FL,State House,District 49,2026-11-05,,False,,"https://ballotpedia.org/Florida_House_of_Representatives_elections,_2026",2025-10-25T13:01:05.750755
Florida - State House District 50,FL,State House,District 50,2026-11-05,,False,Carlos Gamez,"https://ballotpedia.org/Florida_House_of_Representatives_elections,_2026",2025-10-25T13:01:05.750755
Florida - State House District 51,FL,State House,District 51,2026-11-05,,False,Octavio HernandezDid not make the ballot:Tomiko Bennett,"https://ballotpedia.org/Florida_House_of_Representatives_elections,_2026",2025-10-25T13:01:05.751760
Florida - State House District 52,FL,State House,District 52,2026-11-05,,False,,"https://ballotpedia.org/Florida_House_of_Representatives_elections,_2026",2025-10-25T13:01:05.751760
Florida - State House District 53,FL,State House,District 53,2026-11-05,,False,,"https://ballotpedia.org/Florida_House_of_Representatives_elections,_2026",2025-10-25T13:01:05.751760
Florida - State House District 54,FL,State House,District 54,2026-11-05,,False,,"https://ballotpedia.org/Florida_House_of_Representatives_elections,_2026",2025-10-25T13:01:05.751760
Florida - State House District 56,FL,State House,District 56,2026-11-05,,False,,"https://ballotpedia.org/Florida_House_of_Representatives_elections,_2026",2025-10-25T13:01:05.751760
Florida - State House District 57,FL,State House,District 57,2026-11-05,,False,,"https://ballotpedia.org/Florida_House_of_Representatives_elections,_2026",2025-10-25T13:01:05.751760
Florida - State House District 58,FL,State House,District 58,2026-11-05,,False,Bryan Beckman,"https://ballotpedia.org/Florida_House_of_Representatives_elections,_2026",2025-10-25T13:01:05.751760
Florida - State House District 59,FL,State House,District 59,2026-11-05,,False,,"https://ballotpedia.org/Florida_House_of_Representatives_elections,_2026",2025-10-25T13:01:05.751760
Florida - State House District 60,FL,State House,District 60,2026-11-05,,False,Lindsay Cross(i),"https://ballotpedia.org/Florida_House_of_Representatives_elections,_2026",2025-10-25T13:01:05.751760
Florida - State House District 61,FL,State House,District 61,2026-11-05,,False,Michael Warner,"https://ballotpedia.org/Florida_House_of_Representatives_elections,_2026",2025-10-25T13:01:05.751760
Florida - State House District 62,FL,State House,District 62,2026-11-05,,False,Kyandra DarlingUpton J. FisherWengay Newton,"https://ballotpedia.org/Florida_House_of_Representatives_elections,_2026",2025-10-25T13:01:05.752757
Florida - State House District 64,FL,State House,District 64,2026-11-05,,False,Mike Suarez,"https://ballotpedia.org/Florida_House_of_Representatives_elections,_2026",2025-10-25T13:01:05.752757
Florida - State House District 65,FL,State House,District 65,2026-11-05,,False,Kell Cameron,"https://ballotpedia.org/Florida_House_of_Representatives_elections,_2026",2025-10-25T13:01:05.752757
Florida - State House District 66,FL,State House,District 66,2026-11-05,,False,,"https://ballotpedia.org/Florida_House_of_Representatives_elections,_2026",2025-10-25T13:01:05.752757
Florida - State House District 69,FL,State House,District 69,2026-11-05,,False,,"https://ballotpedia.org/Florida_House_of_Representatives_elections,_2026",2025-10-25T13:01:05.752757
Florida - State House District 70,FL,State House,District 70,2026-11-05,,False,,"https://ballotpedia.org/Florida_House_of_Representatives_elections,_2026",2025-10-25T13:01:05.752757
Florida - State House District 71,FL,State House,District 71,2026-11-05,,False,Marie Masferrer,"https://ballotpedia.org/Florida_House_of_Representatives_elections,_2026",2025-10-25T13:01:05.752757
Florida - State House District 72,FL,State House,District 72,2026-11-05,,False,,"https://ballotpedia.org/Florida_House_of_Representatives_elections,_2026",2025-10-25T13:01:05.752757
Florida - State House District 73,FL,State House,District 73,2026-11-05,,False,,"https://ballotpedia.org/Florida_House_of_Representatives_elections,_2026",2025-10-25T13:01:05.752757
Florida - State House District 74,FL,State House,District 74,2026-11-05,,False,Nancy Simpson,"https://ballotpedia.org/Florida_House_of_Representatives_elections,_2026",2025-10-25T13:01:05.753761
Florida - State House District 75,FL,State House,District 75,2026-11-05,,False,,"https://ballotpedia.org/Florida_House_of_Representatives_elections,_2026",2025-10-25T13:01:05.753761
Florida - State House District 77,FL,State House,District 77,2026-11-05,,False,Cornelius Fowler,"https://ballotpedia.org/Florida_House_of_Representatives_elections,_2026",2025-10-25T13:01:05.753761
Florida - State House District 78,FL,State House,District 78,2026-11-05,,False,Cindy Banyai,"https://ballotpedia.org/Florida_House_of_Representatives_elections,_2026",2025-10-25T13:01:05.753761
Florida - State House District 79,FL,State House,District 79,2026-11-05,,False,,"https://ballotpedia.org/Florida_House_of_Representatives_elections,_2026",2025-10-25T13:01:05.753761
Florida - State House District 80,FL,State House,District 80,2026-11-05,,False,,"https://ballotpedia.org/Florida_House_of_Representatives_elections,_2026",2025-10-25T13:01:05.753761
Florida - State House District 81,FL,State House,District 81,2026-11-05,,False,,"https://ballotpedia.org/Florida_House_of_Representatives_elections,_2026",2025-10-25T13:01:05.754760
Florida - State House District 82,FL,State House,District 82,2026-11-05,,False,,"https://ballotpedia.org/Florida_House_of_Representatives_elections,_2026",2025-10-25T13:01:05.754760
Florida - State House District 83,FL,State House,District 83,2026-11-05,,False,,"https://ballotpedia.org/Florida_House_of_Representatives_elections,_2026",2025-10-25T13:01:05.754760
Florida - State House District 84,FL,State House,District 84,2026-11-05,,False,,"https://ballotpedia.org/Florida_House_of_Representatives_elections,_2026",2025-10-25T13:01:05.754760
Florida - State House District 85,FL,State House,District 85,2026-11-05,,False,,"https://ballotpedia.org/Florida_House_of_Representatives_elections,_2026",2025-10-25T13:01:05.754760
Florida - State House District 86,FL,State House,District 86,2026-11-05,,False,,"https://ballotpedia.org/Florida_House_of_Representatives_elections,_2026",2025-10-25T13:01:05.754760
Florida - State House District 87,FL,State House,District 87,2026-11-05,,False,Laura Levites,"https://ballotpedia.org/Florida_House_of_Representatives_elections,_2026",2025-10-25T13:01:05.754760
Florida - State House District 88,FL,State House,District 88,2026-11-05,,False,Jervonte Edmonds(i)Denisha Cadet,"https://ballotpedia.org/Florida_House_of_Representatives_elections,_2026",2025-10-25T13:01:05.755757
Florida - State House District 91,FL,State House,District 91,2026-11-05,,False,,"https://ballotpedia.org/Florida_House_of_Representatives_elections,_2026",2025-10-25T13:01:05.755757
Florida - State House District 92,FL,State House,District 92,2026-11-05,,False,Kelly Skidmore(i),"https://ballotpedia.org/Florida_House_of_Representatives_elections,_2026",2025-10-25T13:01:05.755757
Florida - State House District 93,FL,State House,District 93,2026-11-05,,False,August Mangeney,"https://ballotpedia.org/Florida_House_of_Representatives_elections,_2026",2025-10-25T13:01:05.755757
Florida - State House District 94,FL,State House,District 94,2026-11-05,,False,,"https://ballotpedia.org/Florida_House_of_Representatives_elections,_2026",2025-10-25T13:01:05.755757
Florida - State House District 95,FL,State House,District 95,2026-11-05,,False,Christine Hunschofsky(i),"https://ballotpedia.org/Florida_House_of_Representatives_elections,_2026",2025-10-25T13:01:05.755757
Florida - State House District 96,FL,State House,District 96,2026-11-05,,False,Dan Daley(i),"https://ballotpedia.org/Florida_House_of_Representatives_elections,_2026",2025-10-25T13:01:05.755757
Florida - State House District 97,FL,State House,District 97,2026-11-05,,False,Lisa Dunkley(i),"https://ballotpedia.org/Florida_House_of_Representatives_elections,_2026",2025-10-25T13:01:05.755757
Florida - State House District 98,FL,State House,District 98,2026-11-05,,False,Mitch Rosenwald(i)Keith Abel,"https://ballotpedia.org/Florida_House_of_Representatives_elections,_2026",2025-10-25T13:01:05.755757
Florida - State House District 99,FL,State House,District 99,2026-11-05,,False,Daryl Campbell(i),"https://ballotpedia.org/Florida_House_of_Representatives_elections,_2026",2025-10-25T13:01:05.755757
Florida - State House District 100,FL,State House,District 100,2026-11-05,,False,James Brenner,"https://ballotpedia.org/Florida_House_of_Representatives_elections,_2026",2025-10-25T13:01:05.755757
Florida - State House District 101,FL,State House,District 101,2026-11-05,,False,Todd Delmay,"https://ballotpedia.org/Florida_House_of_Representatives_elections,_2026",2025-10-25T13:01:05.755757
Florida - State House District 102,FL,State House,District 102,2026-11-05,,False,Jayden D'OnofrioMichael Friend,"https://ballotpedia.org/Florida_House_of_Representatives_elections,_2026",2025-10-25T13:01:05.755757
Florida - State House District 103,FL,State House,District 103,2026-11-05,,False,,"https://ballotpedia.org/Florida_House_of_Representatives_elections,_2026",2025-10-25T13:01:05.755757
Florida - State House District 104,FL,State House,District 104,2026-11-05,,False,Felicia Simone Robinson(i),"https://ballotpedia.org/Florida_House_of_Representatives_elections,_2026",2025-10-25T13:01:05.757263
Florida - State House District 105,FL,State House,District 105,2026-11-05,,False,Marie Woodson(i),"https://ballotpedia.org/Florida_House_of_Representatives_elections,_2026",2025-10-25T13:01:05.757263
Florida - State House District 106,FL,State House,District 106,2026-11-05,,False,Lucia Baez-GellerAshley Diego,"https://ballotpedia.org/Florida_House_of_Representatives_elections,_2026",2025-10-25T13:01:05.757263
Florida - State House District 107,FL,State House,District 107,2026-11-05,,False,Wallace Aristide(i),"https://ballotpedia.org/Florida_House_of_Representatives_elections,_2026",2025-10-25T13:01:05.757263
Florida - State House District 108,FL,State House,District 108,2026-11-05,,False,Daphne CampbellDinah Escarment,"https://ballotpedia.org/Florida_House_of_Representatives_elections,_2026",2025-10-25T13:01:05.757263
Florida - State House District 111,FL,State House,District 111,2026-11-05,,False,,"https://ballotpedia.org/Florida_House_of_Representatives_elections,_2026",2025-10-25T13:01:05.757263
Florida - State House District 112,FL,State House,District 112,2026-11-05,,False,,"https://ballotpedia.org/Florida_House_of_Representatives_elections,_2026",2025-10-25T13:01:05.757263
Florida - State House District 113,FL,State House,District 113,2026-11-05,,False,,"https://ballotpedia.org/Florida_House_of_Representatives_elections,_2026",2025-10-25T13:01:05.757263
Florida - State House District 114,FL,State House,District 114,2026-11-05,,False,,"https://ballotpedia.org/Florida_House_of_Representatives_elections,_2026",2025-10-25T13:01:05.757263
Florida - State House District 115,FL,State House,District 115,2026-11-05,,False,,"https://ballotpedia.org/Florida_House_of_Representatives_elections,_2026",2025-10-25T13:01:05.757263
Florida - State House District 116,FL,State House,District 116,2026-11-05,,False,,"https://ballotpedia.org/Florida_House_of_Representatives_elections,_2026",2025-10-25T13:01:05.757263
Florida - State House District 118,FL,State House,District 118,2026-11-05,,False,Nathan Burandt,"https://ballotpedia.org/Florida_House_of_Representatives_elections,_2026",2025-10-25T13:01:05.757263
Florida - State House District 119,FL,State House,District 119,2026-11-05,,False,,"https://ballotpedia.org/Florida_House_of_Representatives_elections,_2026",2025-10-25T13:01:05.757263
Florida - State House District 120,FL,State House,District 120,2026-11-05,,False,,"https://ballotpedia.org/Florida_House_of_Representatives_elections,_2026",2025-10-25T13:01:05.757263
Florida - State House Salary,FL,State House,Salary,2026-11-05,,False,Per diem,"https://ballotpedia.org/Florida_House_of_Representatives_elections,_2026",2025-10-25T13:01:05.758269
"Florida - State House $29,697/year",FL,State House,"$29,697/year",2026-11-05,,False,$175/day for a maximum of 60 days. Members can also receive per diem outside of the session.,"https://ballotpedia.org/Florida_House_of_Representatives_elections,_2026",2025-10-25T13:01:05.758269
Florida - State House Governor,FL,State House,Governor,2026-11-05,,False,D,"https://ballotpedia.org/Florida_House_of_Representatives_elections,_2026",2025-10-25T13:01:05.758269
Florida - State House Senate,FL,State House,Senate,2026-11-05,,False,D,"https://ballotpedia.org/Florida_House_of_Representatives_elections,_2026",2025-10-25T13:01:05.758269
Florida - State House House,FL,State House,House,2026-11-05,,False,D,"https://ballotpedia.org/Florida_House_of_Representatives_elections,_2026",2025-10-25T13:01:05.759269
Florida - State House Winning Party,FL,State House,Winning Party,2026-11-05,,False,D,"https://ballotpedia.org/Florida_House_of_Representatives_elections,_2026",2025-10-25T13:01:05.759269
